ID,Smiles
HY-132202,CC1=C(C=CC=C1C2=CC=CC=C2)COC3=C(C=C(C(OCC4=CC(C#N)=CC=C4)=C3)CN[C@H](C(O)=O)C(O)C)[N+]([O-])=O
HY-100022,O=C(C1=C(C)C=C(NC2=NC=NC(N)=C2)C(N13)=O)NC43CCCCC4
HY-101978,NC1=NC(C2=CC=C(C)O2)=C(N=NN3CC4=NC(CO[C@@H]5COCC5)=CC=C4)C3=N1
HY-15724,O=S(C1=CC=C(C(C)(C)C)C=C1)(NC2=CC=C(Cl)C=C2C(C3=CC=[N+]([O-])C=C3)=O)=O
HY-19533,NC1=NC(N(CCC2=CC=CC=C2)N=C3)=C3C4=NC(C5=CC=CO5)=NN14
HY-18263C,O=C(NC1=CC=C(Cl)C(S(=O)(N2CCNCC2)=O)=C1O)NC3=CC=CC(F)=C3Cl.OS(=O)(C4=CC=C(C)C=C4)=O
HY-157570,O=C1C2=C(NCCCCCCNC(/C=C/C(NC3=CC=C(C=C3)NC(C4=CC=C([N+]([O-])=O)O4)=O)=O)=O)C=CC=C2C(N1C5C(N(C(CC5)=O)C)=O)=O
HY-112906,O=C(C1=CC=C([N+]([O-])=O)O1)NC2=CC=C(I)C=C2
HY-108471,O=C(C(C=C1O)=CC2=CC(OC)=C(O)C(O)=C2C1=O)OCCCCCC
HY-U00103,O=C([C@]([C@@]1([H])C[C@@]2([H])[C@@](CCC3=CC4=O)([H])[C@@](F)([C@]3(C=C4)C)[C@@H](O)C5)(OC(C)(C)O1)[C@]25C)COC(CC(C)(C)C)=O
HY-B0223,O=C(OC)NC1=NC2=CC=C(SCCC)C=C2N1
HY-13691,O=C(C(C1=CN(C)C2=C1C=CC=C2)=C3C4=CN(C)C5=C4C=CC([N+]([O-])=O)=C5)NC3=O
HY-144894,C[C@@H](OCC1)CN1C2=NC(NC(C3=C(C=C(C=C3)NS(CCO)(=O)=O)N4CCC5(CC4)CC5)=O)=CC=C2
HY-103662,O=C(C1C(C)(C)C1(C)C)O[C@]2([C@@]3([C@@]([C@@]4([H])[C@@](F)([C@@]5(C([C@@H](F)C4)=CC(C=C5)=O)C)[C@@H](O)C3)([H])C[C@H]2C)C)C(OCC#N)=O
HY-14280,O=C(N(CC)CC)/C(C#N)=C/C1=CC([N+]([O-])=O)=C(O)C(O)=C1
HY-116274,CC1=C(C=CC=C1C2=CC=CC=C2)COC3=CC=C(C=C3Br)CN4CCCCC4C(O)=O
HY-144984,O=C(C1=CC=C(C(F)(F)F)NC1=O)NC2=CC=CC(C3=NNN=N3)=C2
HY-156502,N#CC1=CC(C2=CC(NC3=CC=C(N4CCOCC4)C(OC)=C3)=NC=C2)=C(OC)C=C1
HY-16682,BrC1=CC(C(NC2=CC=C(C(O)=O)C=C2)=O)=CC(C(C3=CC=C(C)C=C3)=O)=C1OCC
HY-131347,CC(C)(NCC1=CC(Cl)=C(OCC2=C(C)C(C3=CC=CC=C3)=CC=C2)C=C1OCC4=CC=CC(C#N)=C4)C(O)=O
HY-19764,CC(C)(C)S(C1=C(OCCO)C=C(N=CN=C2NC3=CC(N=CS4)=C4C=C3)C2=C1)(=O)=O
HY-N6773,C[C@@H]([C@@]([C@@]12[C@](/C=C/C[C@H](C)CCCC(/C=C/C(O1)=O)=O)([H])[C@@H]3O)([H])[C@@H](NC2=O)CC4=CC=CC=C4)C3=C
HY-B0104,O=C(N1C(C(CC)=C(C)C1)=O)NCCC2=CC=C(S(=O)(NC(N[C@H]3CC[C@H](C)CC3)=O)=O)C=C2
HY-10596,ClC1=CC(Cl)=CC(N(C(N(C)[C@]23[C@H](C4=CC=C(C#N)C=C4)CN(C5=NC=C(C(O)=O)C=C5)C3)=O)C2=O)=C1
HY-15445,FC(F)(F)OC1=CC=C(N2C(C)=C(C#CC3=CC(Cl)=NC=C3)N=C2C)C=C1
HY-50907,CN(CC[C@@H](NC1=CC=C(C=C1[N+]([O-])=O)S(NC(C2=CC=C(C=C2)N3CCN(CC3)CC4=CC=CC=C4C5=CC=C(C=C5)Cl)=O)(=O)=O)CSC6=CC=CC=C6)C
HY-102069,NC1=C2C(N(C(C)(C)C)N=C2CC3=CC=CC(C)=C3)=NC=N1
HY-12025,C1(NCCC2=CNC3=C2C=CC=C3)=CC=C(C=C1)NC4=CC=NC=C4
HY-148365,CC1=CC(C2=[N]3C=CC(C4=NC(C=CC=C5)=C5O4)=C2)=[N]([Ir]67([N]8=CC=CC=C8C9=C7C=CC=C9)3[N]%10=CC=CC=C%10C%11=C6C=CC=C%11)C=C1.[Cl-]
HY-19319,FC(F)(F)CC(S1)=CC2=C1N=CN=C2NC3CCN(CC4=CC=C(NC(C#N)=C5)C5=C4)CC3
HY-W588250,OC(C[C@H]1C(N[C@@H](C(N[C@H](C(OC(CC(N[C@H](C(N[C@H](C(N[C@@H](C(N[C@H](C(N1)=O)C(C)C)=O)CC(C)C)=O)CC(C)C)=O)CCC(O)=O)=O)CCCCCCCCCC(C)C)=O)CC(C)C)=O)CC(C)C)=O)=O
HY-100008,C/C(C)=C/CC/C(C)=C/CC/C(C)=C/C=C/C(C)=C/C(O)=O
Z1443635422,CC=1C=CC=C(CN2C=CC=C(C(=O)N3C(CC4CCCCC43)C(=O)O)C2=O)C1
Z1222283881,C1CCC2=C(C1)N=NN2C3CCNCC3
Z641021430,CC(C)C(=O)NC=1C=CC=C(CNC(=O)C=2C(C)=NN3C(C)=CC(C)=NC23)C1
Z383613342,CC1=NN(N=C1C(=O)NCC=2C=CC=NC2N3C=CC=N3)C=4C=CC=CC4
Z228619912,CC1=NOC=2N=C(C=C(C(=O)NC=3C=CC=CC3F)C12)C4=CC=CO4
Z354309666,CC1=CSC(CCNC=2N=C(N=C3C=CC=CC23)C=4C=CN=CC4)=N1
Z1420165984,O=C(CN1C=C(N=N1)C2CC2)N3CCCCC3C4=CC=5C=CC=CC5N4
Z1348379254,CC1=NC(CCCC(=O)N2CC3(CC3)C=4C=CC=CC24)=CS1
Z381180214,CC1=NN=C(NC(=O)CC2=CSC(CC=3C=CC=C(Cl)C3)=N2)S1
Z228045902,O=C(NC1=NC(=CS1)C=2C=CC=NC2)C=3C=CC(CN4C=NC=N4)=CC3
Z70901704,ClC=1C=CC(=CC1)C2(CCCC2)C(=O)NCC3=NN=C4C=CC=CN34
Z109715016,CC1=CC(C)=C(CNC(=O)C2CN(C(=O)C2)C=3C=CC=4OCCOC4C3)C(=O)N1
Z773323264,O=C(CC1=CSC(=N1)N2CCNC2=O)NC=3C=CC=C(C3)C4=NC=CS4
Z858480638,CC=1C=CC(NC(=O)NC=2C=CC(=NC2)S(=O)(=O)C)=CC1C(F)(F)F
Z99090129,COC=1C=CC(Cl)=CC1NC(=O)C=2SC(=NC2C)C=3C=CC=CN3
Z1894115889,CC=1C=C(OCC(=O)NC2=CNN=C2C3=NC=CS3)C=CC1Cl
Z100651446,O=C(N1CCN(CC1)C(=O)C=2C=CC=C(C2)N3C=CC=C3)C4=CC=CO4
Z1762188574,C(N(CC1=NC=CS1)C2CC32CCNCC3)C4=CN=C5C=NC=CN45
Z403319198,O=C(NC1CCCCNC1=O)C2=CSC(=N2)C3=CC=CO3
Z1310760536,NC(=O)C1CCCN(C1)C=2C=CC(NC(=O)NC3=NC=CS3)=CN2
Z1537589830,COC=1C=CC=CC1NC(=O)N2CC(O)CC2CO
Z748712770,CC=1C=CC(=CC1)C=2C=CSC2C(=O)NC3CCCCNC3=O
Z806227672,O=C(NC1CCCCNC1=O)C=2C=CN=C(C2)N3C=NC=N3
Z1284837097,CC=1C=C(C)N(N1)C=2C=CC(CC(=O)NC3CCCC3C(=O)N)=CC2
Z1478445691,NC(=O)C1CCCCCC1NC=2N=CC(=CC2Cl)C(F)(F)F
Z1272495278,OCC1CCCC1NC=2C=C(C#N)C=3C=CC=CC3N2
Z2015480888,CC(N1CCOC2(CCOC2)C1)C3=NN=C(S3)C=4C=CC=CC4F
Z32327526,O=C(CC=1C=CC=C2C=CC=CC12)N3CCN(CC3)C(=O)C4=CC=CO4
Z993468712,CC=1C=CC(CC(=O)NC=2C=NN(CC3=CN4C=CC=CC4=N3)C2)=CC1
Z410981346,COC=1C=C(NC(=O)NCC2=NN=C3C=CC=CN23)C(OC)=CC1Cl
Z288784212,CC(C)N1N=CC=2C(=CC(=NC12)C=3C=C(C)OC3C)C(=O)NCC4CC4
Z335905492,CC(C)(C)C=1C=C(NC(=O)CN2N=NN(C=3C=CC=CC3)C2=O)ON1
Z854297304,NC(=O)C1=CC=C(N(CCOC=2C=CC=C3C=CC=CC23)C1=O)C(F)(F)F
Z74551574,CC1(CC=2C=CC=3OCOC3C2)NC(=O)N(CC=4C=CC(Cl)=CC4)C1=O
Z95818956,CC1CCC=2N=C(NC(=O)CN3C(=O)CCOC=4C=CC=CC34)SC2C1
Z385461208,NC1=NC(=CS1)C=2C=CC=3NC(=O)CCCC3C2
V404282,n1c(C)csc1-c2c(C)nc(n23)scc3
V408290,Fc1ccc(cc1)C#CCN(C)C2(C(=O)N)CCCC2
V405901,C1CC1[C@@H](C#C)OC(=O)c(c2)c(C)nc(c23)n(nc3)C(C)C
V404009,n1ccc(N)nc1COc2ccc(cc2)-c3ccc(C#N)cc3
V404845,c1cnccc1[C@H](c(cc2)ccc2F)OC(=O)c3c(C)occ3
V408492,n1ccn(c12)cc(s2)C(=O)OCCOc3ccc(C#N)cc3
V404319,c1ccccc1C(=O)/N=C2\SCCN2CC(=O)c3ccccc3
V407308,O=c(o1)n(C)c(c12)cccc2C(=O)Oc3ccc(cc3)-c4ncc[nH]4
V404326,s1ccc(c12)c(ncn2)NCc3nc(OCC(F)(F)F)ccc3
V408399,COC[C@H](C)n(cc1)nc1NC(=O)Nc2cccc(c23)CC(O3)(C)C
V403264,c1ccccc1S(=O)(=O)N2CCC(CC2)C(=O)/N=c3\cc(C)[nH]cc3
V406586,OC1C(C2)CC(C2C13)CN3c4cnc(C#N)cc4
V407955,c1c(C)noc1CSCc2ccc(cc2)-n3cncc3
V403797,c1cc(C)sc1-c2nnc(n2C)N(C)Cc3ccccc3
V404124,c1ccccc1-c(cc2=O)[nH]c(c23)n(nc3)Cc4ccncc4
V408982,C1CCCCC1CCCC(=O)Nc2ccc(cc2)-c3nc[nH]c3
V406675,Fc1c(F)ccc(c1)[C@H](C(=O)NC)NCc2c(C)cc(C)cc2
V404483,c1cccc(c12)nc(n(c2=O)C)CN(C3CC3)CC4CCCCC4
V404631,CCN(CC)S(=O)(=O)N1C[C@H](CCC1)c(n2)[nH]c(c23)cccc3
V406604,Fc1cc(F)cc(c1)C(=O)NCC(=O)Nc(c2)ccc(c23)nccc3
V407072,FC(F)(F)S(=O)(=O)c1ccc(cc1)N(C2)CCc(c23)n(cn3)C
V407351,C1CCCCC1N(C)S(=O)(=O)N(C)Cc2c(C)nc(n23)sc(c3)C
V406554,[I-].CCCCCC[n+]1c(C)cc(N)c(c12)cccc2
V405812,n1c(C)noc1[C@@H]2CN(CCC2)c(n3)cnc(c34)cccc4
V406087,FC(F)(F)CNC(=O)[C@H](C)n1cnc(c12)cc(C)c(c2)C
V405700,c1cccc(c12)[C@H](CO2)Nc3nc(nc(c3)C)-c4ccncc4
V408699,C1CCC1(C2CC2)CNC(=O)CCc(n3)[nH]c(c34)cccc4C
V406684,Cc1sc(C)cc1C(=O)COC(=O)C2CCN(CC2)CC#C
V408358,c1cscc1C(=O)OCc2n/c(nc([nH]2)N)=N\c3ccccc3
V409469,C1CCOc(c12)cnc(c2)C(=O)NCc3onc(n3)-c4ccncc4
V405552,CCCC(C1)CCc(c12)nc(s2)NC(=O)C3C(C3)c4cnccc4
V408016,FC(F)Oc1c(OCC)cccc1CNc2ncnc(c23)nccc3
V407629,c1ccc(OC)c(c1F)OC(=O)c2cnc(C)cc2
V405491,C1CC1c(n2)noc2Cn3nc(C)nc3-c4c(C)cccc4
V403859,c1cc(C)sc1C(=O)Cn2c([C@@H](O)C)nc(c23)cccc3
V405930,c1c(F)ccc(OC)c1CSCC(=O)Nc2ccncc2
V408836,C1CCCCC1(C#N)NC(=O)[C@H](C)Nc(c2)ccc(c23)CCC3
V407563,c1cnccc1[C@@H](C)CC(=O)OCc2ccc(cc2)-n3nccc3
V406550,C1CCCCC12SCCN(C2)Cc(n3)[nH]c(c34)nc(cc4)OC
V406511,c1cccc(c12)nc(s2)N(c3c(C)cccc3)C(=O)[C@@H]4COCC4
V407856,c1cc(F)c(C)c(c12)nc(s2)NC(=O)N(C)CCc3ncccc3
V409328,Fc1c(F)ccc(c1)[C@H]2OCCN(C2)c3cc(ncc3)C(=O)NCC
V404708,CCSc1sc(nn1)Nc2ccc(cc2)CC
V405641,C1CCC1COC(=O)c2nn(c(n2)C3CC3)-c4ccccc4
V409075,O=c1c(O)coc(c1)CN[C@@H](C(C)(C)C)c2cc(C)ccc2
V408589,c1c(C)c(C)cc(c12)cc(o2)CNc(c3)ccc(c34)CN(C4)C
V404701,I.COc1cc(ccc1)/N=C(CC2(C)C)/C=C(C2)N3CCCCC3
V408133,Fc1c(CC)ncnc1Sc2nnc(n2C)[C@@H]3CNCCC3
V403629,CCOC(=O)c1sc(nc1C)CNc2ncnc(c23)ccs3
V406903,C1CCCC1n(ncc2)c2C(=O)Nc3cnc(cc3)NC(=O)C4CC4
V407143,Cc1ncsc1[C@H](C)NCc2c(OCC(F)(F)F)cc(C)cc2
V408696,c1ccccc1CS[C@@H](C)C(=O)NCc2cnc(cc2)-n3cncc3
